_id,date,oh_region,ICU,ICU_vented,hospitalizations
1,2020-04-02T00:00:00,CENTRAL,51,39,113
2,2020-04-03T00:00:00,CENTRAL,57,52,141
3,2020-04-04T00:00:00,CENTRAL,65,57,143
4,2020-04-05T00:00:00,CENTRAL,65,55,174
5,2020-04-06T00:00:00,CENTRAL,73,58,187
6,2020-04-07T00:00:00,CENTRAL,83,68,183
7,2020-04-08T00:00:00,CENTRAL,85,68,203
8,2020-04-09T00:00:00,CENTRAL,92,73,205
9,2020-04-10T00:00:00,CENTRAL,88,73,218
10,2020-04-11T00:00:00,CENTRAL,90,77,230
11,2020-04-12T00:00:00,CENTRAL,93,70,237
12,2020-04-13T00:00:00,CENTRAL,92,78,248
13,2020-04-14T00:00:00,CENTRAL,89,73,265
14,2020-04-15T00:00:00,CENTRAL,89,74,284
15,2020-04-16T00:00:00,CENTRAL,86,67,287
16,2020-04-17T00:00:00,CENTRAL,86,72,293
17,2020-04-18T00:00:00,CENTRAL,90,74,298
18,2020-04-19T00:00:00,CENTRAL,88,73,299
19,2020-04-20T00:00:00,CENTRAL,87,74,309
20,2020-04-21T00:00:00,CENTRAL,88,72,317
21,2020-04-22T00:00:00,CENTRAL,85,68,316
22,2020-04-23T00:00:00,CENTRAL,85,67,320
23,2020-04-24T00:00:00,CENTRAL,88,67,351
24,2020-04-25T00:00:00,CENTRAL,91,73,367
25,2020-04-26T00:00:00,CENTRAL,92,70,383
26,2020-04-27T00:00:00,CENTRAL,91,70,382
27,2020-04-28T00:00:00,CENTRAL,89,65,370
28,2020-04-29T00:00:00,CENTRAL,86,64,381
29,2020-04-30T00:00:00,CENTRAL,86,61,402
30,2020-05-01T00:00:00,CENTRAL,79,59,411
31,2020-05-02T00:00:00,CENTRAL,79,55,415
32,2020-05-03T00:00:00,CENTRAL,87,65,396
33,2020-05-04T00:00:00,CENTRAL,85,66,396
34,2020-05-05T00:00:00,CENTRAL,86,67,433
35,2020-05-06T00:00:00,CENTRAL,84,67,435
36,2020-05-07T00:00:00,CENTRAL,83,60,433
37,2020-05-08T00:00:00,CENTRAL,81,64,437
38,2020-05-09T00:00:00,CENTRAL,78,63,445
39,2020-05-10T00:00:00,CENTRAL,76,53,391
40,2020-05-11T00:00:00,CENTRAL,75,58,433
41,2020-05-12T00:00:00,CENTRAL,78,60,445
42,2020-05-13T00:00:00,CENTRAL,76,56,452
43,2020-05-14T00:00:00,CENTRAL,74,55,458
44,2020-05-15T00:00:00,CENTRAL,73,56,451
45,2020-05-16T00:00:00,CENTRAL,74,59,458
46,2020-05-17T00:00:00,CENTRAL,65,57,439
47,2020-05-18T00:00:00,CENTRAL,68,56,439
48,2020-05-19T00:00:00,CENTRAL,66,53,444
49,2020-05-20T00:00:00,CENTRAL,67,51,453
50,2020-05-21T00:00:00,CENTRAL,66,52,449
51,2020-05-22T00:00:00,CENTRAL,64,52,429
52,2020-05-23T00:00:00,CENTRAL,63,52,409
53,2020-05-24T00:00:00,CENTRAL,64,49,395
54,2020-05-25T00:00:00,CENTRAL,61,50,402
55,2020-05-26T00:00:00,CENTRAL,62,50,386
56,2020-05-27T00:00:00,CENTRAL,65,54,388
57,2020-05-28T00:00:00,CENTRAL,66,42,389
58,2020-05-29T00:00:00,CENTRAL,61,52,383
59,2020-05-30T00:00:00,CENTRAL,60,39,387
60,2020-05-31T00:00:00,CENTRAL,60,47,368
61,2020-06-01T00:00:00,CENTRAL,62,48,359
62,2020-06-02T00:00:00,CENTRAL,61,47,378
63,2020-06-03T00:00:00,CENTRAL,62,49,384
64,2020-06-04T00:00:00,CENTRAL,58,45,380
65,2020-06-05T00:00:00,CENTRAL,57,45,364
66,2020-06-06T00:00:00,CENTRAL,58,48,326
67,2020-06-07T00:00:00,CENTRAL,55,45,320
68,2020-06-08T00:00:00,CENTRAL,53,41,304
69,2020-06-09T00:00:00,CENTRAL,51,41,285
70,2020-06-10T00:00:00,CENTRAL,52,39,282
71,2020-06-11T00:00:00,CENTRAL,53,40,252
72,2020-06-12T00:00:00,CENTRAL,48,34,231
73,2020-06-13T00:00:00,CENTRAL,46,21,222
74,2020-06-14T00:00:00,CENTRAL,45,30,206
75,2020-06-15T00:00:00,CENTRAL,44,23,193
76,2020-06-16T00:00:00,CENTRAL,42,27,191
77,2020-06-17T00:00:00,CENTRAL,37,24,175
78,2020-06-18T00:00:00,CENTRAL,33,19,167
79,2020-06-19T00:00:00,CENTRAL,93,69,149
80,2020-06-20T00:00:00,CENTRAL,29,22,157
81,2020-06-21T00:00:00,CENTRAL,31,22,146
82,2020-06-22T00:00:00,CENTRAL,24,17,143
83,2020-06-23T00:00:00,CENTRAL,25,18,148
84,2020-06-24T00:00:00,CENTRAL,24,18,139
85,2020-06-25T00:00:00,CENTRAL,22,19,132
86,2020-06-26T00:00:00,CENTRAL,21,17,126
87,2020-06-27T00:00:00,CENTRAL,19,15,122
88,2020-06-28T00:00:00,CENTRAL,19,14,108
89,2020-06-29T00:00:00,CENTRAL,19,14,111
90,2020-06-30T00:00:00,CENTRAL,16,14,99
91,2020-07-01T00:00:00,CENTRAL,18,13,104
92,2020-07-02T00:00:00,CENTRAL,19,12,62
93,2020-07-03T00:00:00,CENTRAL,19,12,62
94,2020-07-05T00:00:00,CENTRAL,18,9,50
95,2020-07-06T00:00:00,CENTRAL,18,9,49
96,2020-07-07T00:00:00,CENTRAL,17,11,50
97,2020-07-08T00:00:00,CENTRAL,17,13,48
98,2020-07-09T00:00:00,CENTRAL,15,11,47
99,2020-07-10T00:00:00,CENTRAL,17,11,44
100,2020-07-11T00:00:00,CENTRAL,14,9,52
101,2020-07-12T00:00:00,CENTRAL,14,10,45
102,2020-07-13T00:00:00,CENTRAL,12,10,47
103,2020-07-14T00:00:00,CENTRAL,13,11,46
104,2020-07-15T00:00:00,CENTRAL,14,12,45
105,2020-07-16T00:00:00,CENTRAL,15,11,45
106,2020-07-17T00:00:00,CENTRAL,15,11,36
107,2020-07-18T00:00:00,CENTRAL,16,12,33
108,2020-07-19T00:00:00,CENTRAL,15,11,33
109,2020-07-20T00:00:00,CENTRAL,15,12,34
110,2020-07-21T00:00:00,CENTRAL,15,11,37
111,2020-07-22T00:00:00,CENTRAL,17,10,43
112,2020-07-23T00:00:00,CENTRAL,17,9,40
113,2020-07-24T00:00:00,CENTRAL,15,9,34
114,2020-07-25T00:00:00,CENTRAL,15,9,34
115,2020-07-26T00:00:00,CENTRAL,14,9,30
116,2020-07-27T00:00:00,CENTRAL,16,8,29
117,2020-07-28T00:00:00,CENTRAL,16,9,32
118,2020-07-29T00:00:00,CENTRAL,13,8,31
119,2020-07-30T00:00:00,CENTRAL,13,7,29
120,2020-07-31T00:00:00,CENTRAL,12,7,27
121,2020-08-01T00:00:00,CENTRAL,12,7,27
122,2020-08-02T00:00:00,CENTRAL,11,8,26
123,2020-08-03T00:00:00,CENTRAL,10,8,31
124,2020-08-04T00:00:00,CENTRAL,10,8,29
125,2020-08-05T00:00:00,CENTRAL,11,8,24
126,2020-08-06T00:00:00,CENTRAL,11,7,29
127,2020-08-07T00:00:00,CENTRAL,8,6,23
128,2020-08-08T00:00:00,CENTRAL,7,7,16
129,2020-08-09T00:00:00,CENTRAL,7,6,24
130,2020-08-10T00:00:00,CENTRAL,8,7,19
131,2020-08-11T00:00:00,CENTRAL,7,6,21
132,2020-08-12T00:00:00,CENTRAL,7,6,19
133,2020-08-13T00:00:00,CENTRAL,7,6,16
134,2020-08-14T00:00:00,CENTRAL,6,5,16
135,2020-08-15T00:00:00,CENTRAL,6,5,13
136,2020-08-16T00:00:00,CENTRAL,6,5,11
137,2020-08-17T00:00:00,CENTRAL,5,5,7
138,2020-08-18T00:00:00,CENTRAL,5,5,12
139,2020-08-19T00:00:00,CENTRAL,4,4,12
140,2020-08-20T00:00:00,CENTRAL,4,3,10
141,2020-08-21T00:00:00,CENTRAL,4,3,13
142,2020-08-22T00:00:00,CENTRAL,4,3,13
143,2020-08-23T00:00:00,CENTRAL,4,4,14
144,2020-08-24T00:00:00,CENTRAL,4,4,13
145,2020-08-25T00:00:00,CENTRAL,6,6,15
146,2020-08-26T00:00:00,CENTRAL,8,6,19
147,2020-08-27T00:00:00,CENTRAL,10,7,22
148,2020-08-28T00:00:00,CENTRAL,10,8,31
149,2020-08-29T00:00:00,CENTRAL,10,4,23
150,2020-08-30T00:00:00,CENTRAL,11,7,21
151,2020-08-31T00:00:00,CENTRAL,10,5,19
152,2020-09-01T00:00:00,CENTRAL,11,6,24
153,2020-09-02T00:00:00,CENTRAL,8,6,20
154,2020-09-03T00:00:00,CENTRAL,7,6,22
155,2020-09-04T00:00:00,CENTRAL,9,6,29
156,2020-09-05T00:00:00,CENTRAL,10,6,26
157,2020-09-06T00:00:00,CENTRAL,11,6,27
158,2020-09-07T00:00:00,CENTRAL,13,6,28
159,2020-09-08T00:00:00,CENTRAL,11,5,28
160,2020-09-09T00:00:00,CENTRAL,8,5,30
161,2020-09-10T00:00:00,CENTRAL,8,6,28
162,2020-09-11T00:00:00,CENTRAL,8,6,23
163,2020-09-12T00:00:00,CENTRAL,8,5,22
164,2020-09-13T00:00:00,CENTRAL,8,6,19
165,2020-09-14T00:00:00,CENTRAL,9,6,22
166,2020-09-15T00:00:00,CENTRAL,10,5,25
167,2020-09-16T00:00:00,CENTRAL,11,7,23
168,2020-09-17T00:00:00,CENTRAL,12,7,22
169,2020-09-18T00:00:00,CENTRAL,10,6,25
170,2020-09-19T00:00:00,CENTRAL,10,6,28
171,2020-09-20T00:00:00,CENTRAL,12,6,32
172,2020-09-21T00:00:00,CENTRAL,12,7,37
173,2020-09-22T00:00:00,CENTRAL,14,8,44
174,2020-09-23T00:00:00,CENTRAL,14,6,46
175,2020-09-24T00:00:00,CENTRAL,15,6,45
176,2020-09-25T00:00:00,CENTRAL,14,6,45
177,2020-09-26T00:00:00,CENTRAL,16,8,44
178,2020-09-27T00:00:00,CENTRAL,16,9,47
179,2020-09-28T00:00:00,CENTRAL,16,10,50
180,2020-09-29T00:00:00,CENTRAL,15,10,53
181,2020-09-30T00:00:00,CENTRAL,18,10,49
182,2020-10-01T00:00:00,CENTRAL,18,10,52
183,2020-10-02T00:00:00,CENTRAL,17,10,55
184,2020-10-03T00:00:00,CENTRAL,18,11,52
185,2020-10-04T00:00:00,CENTRAL,18,12,49
186,2020-10-05T00:00:00,CENTRAL,19,12,52
187,2020-10-06T00:00:00,CENTRAL,18,12,61
188,2020-10-07T00:00:00,CENTRAL,16,12,61
189,2020-10-08T00:00:00,CENTRAL,18,13,68
190,2020-10-09T00:00:00,CENTRAL,19,13,82
191,2020-10-10T00:00:00,CENTRAL,22,12,85
192,2020-10-11T00:00:00,CENTRAL,23,13,88
193,2020-10-12T00:00:00,CENTRAL,23,12,81
194,2020-10-13T00:00:00,CENTRAL,27,14,89
195,2020-10-14T00:00:00,CENTRAL,30,15,84
196,2020-10-15T00:00:00,CENTRAL,30,13,105
197,2020-10-16T00:00:00,CENTRAL,34,17,107
198,2020-10-17T00:00:00,CENTRAL,32,17,119
199,2020-10-18T00:00:00,CENTRAL,29,15,110
200,2020-10-19T00:00:00,CENTRAL,28,14,117
201,2020-10-20T00:00:00,CENTRAL,28,18,125
202,2020-10-21T00:00:00,CENTRAL,27,20,118
203,2020-10-22T00:00:00,CENTRAL,27,23,116
204,2020-10-23T00:00:00,CENTRAL,28,18,115
205,2020-10-24T00:00:00,CENTRAL,31,24,127
206,2020-10-25T00:00:00,CENTRAL,31,24,127
207,2020-10-26T00:00:00,CENTRAL,31,23,141
208,2020-10-27T00:00:00,CENTRAL,30,23,139
209,2020-10-28T00:00:00,CENTRAL,29,24,129
210,2020-10-29T00:00:00,CENTRAL,31,23,127
211,2020-10-30T00:00:00,CENTRAL,34,26,127
212,2020-10-31T00:00:00,CENTRAL,35,30,133
213,2020-11-01T00:00:00,CENTRAL,35,23,135
214,2020-11-02T00:00:00,CENTRAL,34,21,140
215,2020-11-03T00:00:00,CENTRAL,30,21,137
216,2020-11-04T00:00:00,CENTRAL,30,20,148
217,2020-11-05T00:00:00,CENTRAL,40,22,155
218,2020-11-06T00:00:00,CENTRAL,39,24,151
219,2020-11-07T00:00:00,CENTRAL,42,25,171
220,2020-11-08T00:00:00,CENTRAL,38,25,160
221,2020-11-09T00:00:00,CENTRAL,35,25,158
222,2020-11-10T00:00:00,CENTRAL,35,23,180
223,2020-11-11T00:00:00,CENTRAL,37,23,186
224,2020-11-12T00:00:00,CENTRAL,40,26,200
225,2020-11-13T00:00:00,CENTRAL,45,28,213
226,2020-11-14T00:00:00,CENTRAL,43,27,231
227,2020-11-15T00:00:00,CENTRAL,47,30,224
228,2020-11-16T00:00:00,CENTRAL,50,29,231
229,2020-11-17T00:00:00,CENTRAL,52,30,246
230,2020-11-18T00:00:00,CENTRAL,53,34,249
231,2020-11-19T00:00:00,CENTRAL,60,34,246
232,2020-11-20T00:00:00,CENTRAL,59,35,246
233,2020-11-21T00:00:00,CENTRAL,56,32,237
234,2020-11-22T00:00:00,CENTRAL,60,32,234
235,2020-11-23T00:00:00,CENTRAL,63,42,250
236,2020-11-24T00:00:00,CENTRAL,68,42,256
237,2020-11-25T00:00:00,CENTRAL,71,51,250
238,2020-11-26T00:00:00,CENTRAL,70,50,258
239,2020-11-27T00:00:00,CENTRAL,71,46,258
240,2020-11-28T00:00:00,CENTRAL,72,48,277
241,2020-11-29T00:00:00,CENTRAL,74,44,274
242,2020-11-30T00:00:00,CENTRAL,77,54,272
243,2020-12-01T00:00:00,CENTRAL,81,56,277
244,2020-12-02T00:00:00,CENTRAL,77,47,275
245,2020-12-03T00:00:00,CENTRAL,81,53,273
246,2020-12-04T00:00:00,CENTRAL,81,53,282
247,2020-12-05T00:00:00,CENTRAL,81,50,279
248,2020-12-06T00:00:00,CENTRAL,81,51,296
249,2020-12-07T00:00:00,CENTRAL,83,52,316
250,2020-12-08T00:00:00,CENTRAL,79,53,315
251,2020-12-09T00:00:00,CENTRAL,80,48,323
252,2020-12-10T00:00:00,CENTRAL,86,55,324
253,2020-12-11T00:00:00,CENTRAL,87,57,322
254,2020-12-12T00:00:00,CENTRAL,91,61,336
255,2020-12-13T00:00:00,CENTRAL,99,61,331
256,2020-12-14T00:00:00,CENTRAL,94,60,358
257,2020-12-15T00:00:00,CENTRAL,99,63,383
258,2020-12-16T00:00:00,CENTRAL,97,67,386
259,2020-12-17T00:00:00,CENTRAL,101,66,376
260,2020-12-18T00:00:00,CENTRAL,99,63,350
261,2020-12-19T00:00:00,CENTRAL,100,61,361
262,2020-12-20T00:00:00,CENTRAL,106,63,364
263,2020-12-21T00:00:00,CENTRAL,105,62,381
264,2020-12-22T00:00:00,CENTRAL,106,63,424
265,2020-12-23T00:00:00,CENTRAL,106,71,423
266,2020-12-24T00:00:00,CENTRAL,105,68,416
267,2020-12-25T00:00:00,CENTRAL,108,50,424
268,2020-12-26T00:00:00,CENTRAL,115,74,398
269,2020-12-27T00:00:00,CENTRAL,118,89,444
270,2020-12-28T00:00:00,CENTRAL,122,97,485
271,2020-12-29T00:00:00,CENTRAL,122,94,490
272,2020-12-30T00:00:00,CENTRAL,125,82,505
273,2020-12-31T00:00:00,CENTRAL,128,89,502
274,2021-01-01T00:00:00,CENTRAL,127,94,517
275,2021-01-02T00:00:00,CENTRAL,117,88,503
276,2021-01-03T00:00:00,CENTRAL,120,93,534
277,2021-01-04T00:00:00,CENTRAL,122,77,542
278,2021-01-05T00:00:00,CENTRAL,125,91,562
279,2021-01-06T00:00:00,CENTRAL,133,98,598
280,2021-01-07T00:00:00,CENTRAL,134,101,595
281,2021-01-08T00:00:00,CENTRAL,140,104,592
282,2021-01-09T00:00:00,CENTRAL,141,98,603
283,2021-01-10T00:00:00,CENTRAL,133,99,618
284,2021-01-11T00:00:00,CENTRAL,134,97,636
285,2021-01-12T00:00:00,CENTRAL,134,97,700
286,2021-01-13T00:00:00,CENTRAL,128,97,671
287,2021-01-14T00:00:00,CENTRAL,129,95,664
288,2021-01-15T00:00:00,CENTRAL,124,94,665
289,2021-01-16T00:00:00,CENTRAL,125,89,647
290,2020-04-02T00:00:00,EAST,38,31,99
291,2020-04-03T00:00:00,EAST,47,39,101
292,2020-04-04T00:00:00,EAST,45,36,113
293,2020-04-05T00:00:00,EAST,49,45,111
294,2020-04-06T00:00:00,EAST,53,45,129
295,2020-04-07T00:00:00,EAST,53,46,136
296,2020-04-08T00:00:00,EAST,59,47,129
297,2020-04-09T00:00:00,EAST,63,52,136
298,2020-04-10T00:00:00,EAST,63,56,145
299,2020-04-11T00:00:00,EAST,62,54,150
300,2020-04-12T00:00:00,EAST,60,45,142
301,2020-04-13T00:00:00,EAST,56,46,155
302,2020-04-14T00:00:00,EAST,58,42,146
303,2020-04-15T00:00:00,EAST,54,38,139
304,2020-04-16T00:00:00,EAST,47,38,138
305,2020-04-17T00:00:00,EAST,45,33,134
306,2020-04-18T00:00:00,EAST,49,33,137
307,2020-04-19T00:00:00,EAST,46,32,136
308,2020-04-20T00:00:00,EAST,47,29,136
309,2020-04-21T00:00:00,EAST,44,28,135
310,2020-04-22T00:00:00,EAST,43,27,141
311,2020-04-23T00:00:00,EAST,35,23,134
312,2020-04-24T00:00:00,EAST,33,25,143
313,2020-04-25T00:00:00,EAST,33,25,137
314,2020-04-26T00:00:00,EAST,35,27,140
315,2020-04-27T00:00:00,EAST,35,28,138
316,2020-04-28T00:00:00,EAST,36,28,142
317,2020-04-29T00:00:00,EAST,36,29,152
318,2020-04-30T00:00:00,EAST,37,28,161
319,2020-05-01T00:00:00,EAST,41,31,158
320,2020-05-02T00:00:00,EAST,40,27,148
321,2020-05-03T00:00:00,EAST,42,30,157
322,2020-05-04T00:00:00,EAST,45,33,159
323,2020-05-05T00:00:00,EAST,43,31,160
324,2020-05-06T00:00:00,EAST,41,31,160
325,2020-05-07T00:00:00,EAST,42,29,165
326,2020-05-08T00:00:00,EAST,42,32,168
327,2020-05-09T00:00:00,EAST,39,28,170
328,2020-05-10T00:00:00,EAST,34,26,170
329,2020-05-11T00:00:00,EAST,34,26,186
330,2020-05-12T00:00:00,EAST,31,21,166
331,2020-05-13T00:00:00,EAST,30,21,165
332,2020-05-14T00:00:00,EAST,32,23,163
333,2020-05-15T00:00:00,EAST,30,19,150
334,2020-05-16T00:00:00,EAST,28,21,147
335,2020-05-17T00:00:00,EAST,28,21,148
336,2020-05-18T00:00:00,EAST,27,20,144
337,2020-05-19T00:00:00,EAST,27,17,144
338,2020-05-20T00:00:00,EAST,25,19,141
339,2020-05-21T00:00:00,EAST,24,20,140
340,2020-05-22T00:00:00,EAST,26,21,139
341,2020-05-23T00:00:00,EAST,24,22,134
342,2020-05-24T00:00:00,EAST,23,14,127
343,2020-05-25T00:00:00,EAST,24,21,125
344,2020-05-26T00:00:00,EAST,22,18,119
345,2020-05-27T00:00:00,EAST,24,20,125
346,2020-05-28T00:00:00,EAST,24,20,117
347,2020-05-29T00:00:00,EAST,25,18,122
348,2020-05-30T00:00:00,EAST,21,17,120
349,2020-05-31T00:00:00,EAST,20,17,120
350,2020-06-01T00:00:00,EAST,22,19,117
351,2020-06-02T00:00:00,EAST,23,17,121
352,2020-06-03T00:00:00,EAST,23,18,117
353,2020-06-04T00:00:00,EAST,21,19,114
354,2020-06-05T00:00:00,EAST,21,18,112
355,2020-06-06T00:00:00,EAST,21,17,105
356,2020-06-07T00:00:00,EAST,21,17,100
357,2020-06-08T00:00:00,EAST,21,13,97
358,2020-06-09T00:00:00,EAST,21,15,94
359,2020-06-10T00:00:00,EAST,21,13,94
360,2020-06-11T00:00:00,EAST,18,13,87
361,2020-06-12T00:00:00,EAST,17,14,89
362,2020-06-13T00:00:00,EAST,17,12,72
363,2020-06-14T00:00:00,EAST,18,15,62
364,2020-06-15T00:00:00,EAST,19,14,57
365,2020-06-16T00:00:00,EAST,18,12,60
366,2020-06-17T00:00:00,EAST,16,12,53
367,2020-06-18T00:00:00,EAST,15,11,52
368,2020-06-19T00:00:00,EAST,39,36,50
369,2020-06-20T00:00:00,EAST,13,11,45
370,2020-06-21T00:00:00,EAST,14,12,34
371,2020-06-22T00:00:00,EAST,14,12,34
372,2020-06-23T00:00:00,EAST,15,9,35
373,2020-06-24T00:00:00,EAST,14,8,35
374,2020-06-25T00:00:00,EAST,12,5,32
375,2020-06-26T00:00:00,EAST,13,5,28
376,2020-06-27T00:00:00,EAST,11,5,32
377,2020-06-28T00:00:00,EAST,9,5,31
378,2020-06-29T00:00:00,EAST,8,5,27
379,2020-06-30T00:00:00,EAST,8,5,21
380,2020-07-01T00:00:00,EAST,10,5,24
381,2020-07-02T00:00:00,EAST,8,5,19
382,2020-07-03T00:00:00,EAST,8,3,19
383,2020-07-05T00:00:00,EAST,7,5,17
384,2020-07-06T00:00:00,EAST,6,5,18
385,2020-07-07T00:00:00,EAST,6,4,17
386,2020-07-08T00:00:00,EAST,5,3,15
387,2020-07-09T00:00:00,EAST,3,2,13
388,2020-07-10T00:00:00,EAST,3,2,12
389,2020-07-11T00:00:00,EAST,4,1,12
390,2020-07-12T00:00:00,EAST,4,2,12
391,2020-07-13T00:00:00,EAST,4,2,12
392,2020-07-14T00:00:00,EAST,4,2,12
393,2020-07-15T00:00:00,EAST,5,2,12
394,2020-07-16T00:00:00,EAST,3,2,15
395,2020-07-17T00:00:00,EAST,4,2,12
396,2020-07-18T00:00:00,EAST,5,3,14
397,2020-07-19T00:00:00,EAST,4,3,13
398,2020-07-20T00:00:00,EAST,4,3,15
399,2020-07-21T00:00:00,EAST,7,4,17
400,2020-07-22T00:00:00,EAST,7,4,14
401,2020-07-23T00:00:00,EAST,7,5,15
402,2020-07-24T00:00:00,EAST,6,4,15
403,2020-07-25T00:00:00,EAST,5,4,17
404,2020-07-26T00:00:00,EAST,6,4,13
405,2020-07-27T00:00:00,EAST,6,4,15
406,2020-07-28T00:00:00,EAST,7,4,16
407,2020-07-29T00:00:00,EAST,7,4,15
408,2020-07-30T00:00:00,EAST,6,3,16
409,2020-07-31T00:00:00,EAST,7,3,16
410,2020-08-01T00:00:00,EAST,5,1,17
411,2020-08-02T00:00:00,EAST,4,1,17
412,2020-08-03T00:00:00,EAST,4,1,14
413,2020-08-04T00:00:00,EAST,4,1,18
414,2020-08-05T00:00:00,EAST,3,0,14
415,2020-08-06T00:00:00,EAST,3,0,12
416,2020-08-07T00:00:00,EAST,4,0,13
417,2020-08-08T00:00:00,EAST,4,0,12
418,2020-08-09T00:00:00,EAST,4,0,9
419,2020-08-10T00:00:00,EAST,4,0,8
420,2020-08-11T00:00:00,EAST,3,0,11
421,2020-08-12T00:00:00,EAST,3,0,11
422,2020-08-13T00:00:00,EAST,4,0,9
423,2020-08-14T00:00:00,EAST,3,0,9
424,2020-08-15T00:00:00,EAST,4,0,11
425,2020-08-16T00:00:00,EAST,4,0,8
426,2020-08-17T00:00:00,EAST,3,0,8
427,2020-08-18T00:00:00,EAST,3,1,9
428,2020-08-19T00:00:00,EAST,3,1,9
429,2020-08-20T00:00:00,EAST,4,1,6
430,2020-08-21T00:00:00,EAST,3,1,5
431,2020-08-22T00:00:00,EAST,3,1,9
432,2020-08-23T00:00:00,EAST,3,1,11
433,2020-08-24T00:00:00,EAST,4,1,11
434,2020-08-25T00:00:00,EAST,3,1,8
435,2020-08-26T00:00:00,EAST,3,1,10
436,2020-08-27T00:00:00,EAST,4,1,12
437,2020-08-28T00:00:00,EAST,4,1,14
438,2020-08-29T00:00:00,EAST,4,1,12
439,2020-08-30T00:00:00,EAST,4,0,12
440,2020-08-31T00:00:00,EAST,3,1,11
441,2020-09-01T00:00:00,EAST,3,1,11
442,2020-09-02T00:00:00,EAST,2,1,13
443,2020-09-03T00:00:00,EAST,3,1,9
444,2020-09-04T00:00:00,EAST,2,0,11
445,2020-09-05T00:00:00,EAST,2,0,13
446,2020-09-06T00:00:00,EAST,2,1,10
447,2020-09-07T00:00:00,EAST,3,1,11
448,2020-09-08T00:00:00,EAST,3,0,12
449,2020-09-09T00:00:00,EAST,3,1,10
450,2020-09-10T00:00:00,EAST,4,1,14
451,2020-09-11T00:00:00,EAST,4,1,11
452,2020-09-12T00:00:00,EAST,1,1,10
453,2020-09-13T00:00:00,EAST,1,1,10
454,2020-09-14T00:00:00,EAST,1,1,11
455,2020-09-15T00:00:00,EAST,2,1,9
456,2020-09-16T00:00:00,EAST,2,1,8
457,2020-09-17T00:00:00,EAST,1,1,9
458,2020-09-18T00:00:00,EAST,2,0,10
459,2020-09-19T00:00:00,EAST,2,0,15
460,2020-09-20T00:00:00,EAST,3,0,11
461,2020-09-21T00:00:00,EAST,3,1,10
462,2020-09-22T00:00:00,EAST,3,0,10
463,2020-09-23T00:00:00,EAST,4,0,14
464,2020-09-24T00:00:00,EAST,4,0,15
465,2020-09-25T00:00:00,EAST,4,2,16
466,2020-09-26T00:00:00,EAST,5,2,25
467,2020-09-27T00:00:00,EAST,6,3,32
468,2020-09-28T00:00:00,EAST,6,3,39
469,2020-09-29T00:00:00,EAST,8,3,42
470,2020-09-30T00:00:00,EAST,9,4,54
471,2020-10-01T00:00:00,EAST,9,5,56
472,2020-10-02T00:00:00,EAST,10,6,60
473,2020-10-03T00:00:00,EAST,11,7,55
474,2020-10-04T00:00:00,EAST,12,8,59
475,2020-10-05T00:00:00,EAST,12,8,59
476,2020-10-06T00:00:00,EAST,11,9,63
477,2020-10-07T00:00:00,EAST,12,9,66
478,2020-10-08T00:00:00,EAST,15,11,66
479,2020-10-09T00:00:00,EAST,16,11,69
480,2020-10-10T00:00:00,EAST,16,11,60
481,2020-10-11T00:00:00,EAST,19,13,64
482,2020-10-12T00:00:00,EAST,21,12,63
483,2020-10-13T00:00:00,EAST,21,13,78
484,2020-10-14T00:00:00,EAST,20,12,76
485,2020-10-15T00:00:00,EAST,20,11,75
486,2020-10-16T00:00:00,EAST,22,11,81
487,2020-10-17T00:00:00,EAST,25,15,74
488,2020-10-18T00:00:00,EAST,24,16,68
489,2020-10-19T00:00:00,EAST,25,16,63
490,2020-10-20T00:00:00,EAST,26,15,68
491,2020-10-21T00:00:00,EAST,26,16,72
492,2020-10-22T00:00:00,EAST,27,14,80
493,2020-10-23T00:00:00,EAST,26,14,79
494,2020-10-24T00:00:00,EAST,26,16,82
495,2020-10-25T00:00:00,EAST,25,18,75
496,2020-10-26T00:00:00,EAST,25,16,81
497,2020-10-27T00:00:00,EAST,26,16,85
498,2020-10-28T00:00:00,EAST,26,16,88
499,2020-10-29T00:00:00,EAST,27,17,98
500,2020-10-30T00:00:00,EAST,25,16,99
501,2020-10-31T00:00:00,EAST,24,17,94
502,2020-11-01T00:00:00,EAST,23,14,97
503,2020-11-02T00:00:00,EAST,24,14,106
504,2020-11-03T00:00:00,EAST,24,14,111
505,2020-11-04T00:00:00,EAST,24,13,122
506,2020-11-05T00:00:00,EAST,24,13,124
507,2020-11-06T00:00:00,EAST,29,15,120
508,2020-11-07T00:00:00,EAST,28,16,115
509,2020-11-08T00:00:00,EAST,30,17,115
510,2020-11-09T00:00:00,EAST,31,19,118
511,2020-11-10T00:00:00,EAST,27,17,128
512,2020-11-11T00:00:00,EAST,31,19,128
513,2020-11-12T00:00:00,EAST,34,20,117
514,2020-11-13T00:00:00,EAST,32,19,132
515,2020-11-14T00:00:00,EAST,30,16,136
516,2020-11-15T00:00:00,EAST,33,17,122
517,2020-11-16T00:00:00,EAST,32,20,122
518,2020-11-17T00:00:00,EAST,31,20,120
519,2020-11-18T00:00:00,EAST,30,19,125
520,2020-11-19T00:00:00,EAST,35,21,121
521,2020-11-20T00:00:00,EAST,34,24,120
522,2020-11-21T00:00:00,EAST,32,22,116
523,2020-11-22T00:00:00,EAST,30,20,108
524,2020-11-23T00:00:00,EAST,32,19,112
525,2020-11-24T00:00:00,EAST,34,15,115
526,2020-11-25T00:00:00,EAST,34,17,110
527,2020-11-26T00:00:00,EAST,29,16,106
528,2020-11-27T00:00:00,EAST,29,17,98
529,2020-11-28T00:00:00,EAST,28,16,99
530,2020-11-29T00:00:00,EAST,29,19,104
531,2020-11-30T00:00:00,EAST,33,18,119
532,2020-12-01T00:00:00,EAST,39,21,124
533,2020-12-02T00:00:00,EAST,39,19,128
534,2020-12-03T00:00:00,EAST,40,17,127
535,2020-12-04T00:00:00,EAST,41,19,129
536,2020-12-05T00:00:00,EAST,37,17,129
537,2020-12-06T00:00:00,EAST,38,9,130
538,2020-12-07T00:00:00,EAST,40,20,126
539,2020-12-08T00:00:00,EAST,40,22,135
540,2020-12-09T00:00:00,EAST,42,24,137
541,2020-12-10T00:00:00,EAST,43,23,148
542,2020-12-11T00:00:00,EAST,50,23,151
543,2020-12-12T00:00:00,EAST,48,28,149
544,2020-12-13T00:00:00,EAST,50,28,138
545,2020-12-14T00:00:00,EAST,47,31,131
546,2020-12-15T00:00:00,EAST,50,31,135
547,2020-12-16T00:00:00,EAST,54,32,149
548,2020-12-17T00:00:00,EAST,50,34,143
549,2020-12-18T00:00:00,EAST,45,33,133
550,2020-12-19T00:00:00,EAST,46,33,128
551,2020-12-20T00:00:00,EAST,45,32,125
552,2020-12-21T00:00:00,EAST,47,35,140
553,2020-12-22T00:00:00,EAST,46,37,143
554,2020-12-23T00:00:00,EAST,44,34,147
555,2020-12-24T00:00:00,EAST,45,33,133
556,2020-12-25T00:00:00,EAST,45,33,121
557,2020-12-26T00:00:00,EAST,43,33,129
558,2020-12-27T00:00:00,EAST,42,31,131
559,2020-12-28T00:00:00,EAST,44,31,133
560,2020-12-29T00:00:00,EAST,48,31,135
561,2020-12-30T00:00:00,EAST,55,38,146
562,2020-12-31T00:00:00,EAST,53,33,153
563,2021-01-01T00:00:00,EAST,51,33,160
564,2021-01-02T00:00:00,EAST,53,38,163
565,2021-01-03T00:00:00,EAST,55,36,153
566,2021-01-04T00:00:00,EAST,57,37,160
567,2021-01-05T00:00:00,EAST,61,41,178
568,2021-01-06T00:00:00,EAST,58,39,178
569,2021-01-07T00:00:00,EAST,58,35,175
570,2021-01-08T00:00:00,EAST,58,37,199
571,2021-01-09T00:00:00,EAST,64,39,202
572,2021-01-10T00:00:00,EAST,67,46,208
573,2021-01-11T00:00:00,EAST,68,51,212
574,2021-01-12T00:00:00,EAST,69,48,215
575,2021-01-13T00:00:00,EAST,68,48,240
576,2021-01-14T00:00:00,EAST,72,50,223
577,2021-01-15T00:00:00,EAST,72,52,204
578,2021-01-16T00:00:00,EAST,77,55,225
579,2020-04-02T00:00:00,NORTH,0,0,4
580,2020-04-03T00:00:00,NORTH,3,1,8
581,2020-04-04T00:00:00,NORTH,3,1,11
582,2020-04-05T00:00:00,NORTH,4,1,7
583,2020-04-06T00:00:00,NORTH,3,1,9
584,2020-04-07T00:00:00,NORTH,3,1,10
585,2020-04-08T00:00:00,NORTH,4,1,9
586,2020-04-09T00:00:00,NORTH,5,1,11
587,2020-04-10T00:00:00,NORTH,5,1,12
588,2020-04-11T00:00:00,NORTH,4,2,12
589,2020-04-12T00:00:00,NORTH,4,1,12
590,2020-04-13T00:00:00,NORTH,4,1,12
591,2020-04-14T00:00:00,NORTH,3,1,13
592,2020-04-15T00:00:00,NORTH,3,2,13
593,2020-04-16T00:00:00,NORTH,3,2,9
594,2020-04-17T00:00:00,NORTH,3,3,9
595,2020-04-18T00:00:00,NORTH,3,3,7
596,2020-04-19T00:00:00,NORTH,3,3,10
597,2020-04-20T00:00:00,NORTH,4,4,9
598,2020-04-21T00:00:00,NORTH,4,3,9
599,2020-04-22T00:00:00,NORTH,4,3,11
600,2020-04-23T00:00:00,NORTH,4,4,13
601,2020-04-24T00:00:00,NORTH,3,3,12
602,2020-04-25T00:00:00,NORTH,3,3,11
603,2020-04-26T00:00:00,NORTH,3,2,11
604,2020-04-27T00:00:00,NORTH,3,2,12
605,2020-04-28T00:00:00,NORTH,2,1,13
606,2020-04-29T00:00:00,NORTH,2,1,10
607,2020-04-30T00:00:00,NORTH,2,1,9
608,2020-05-01T00:00:00,NORTH,2,1,10
609,2020-05-02T00:00:00,NORTH,2,1,10
610,2020-05-03T00:00:00,NORTH,3,1,11
611,2020-05-04T00:00:00,NORTH,3,1,11
612,2020-05-05T00:00:00,NORTH,3,1,11
613,2020-05-06T00:00:00,NORTH,2,1,10
614,2020-05-07T00:00:00,NORTH,2,0,9
615,2020-05-08T00:00:00,NORTH,2,0,9
616,2020-05-09T00:00:00,NORTH,2,0,8
617,2020-05-10T00:00:00,NORTH,2,0,7
618,2020-05-11T00:00:00,NORTH,1,0,7
619,2020-05-12T00:00:00,NORTH,1,0,7
620,2020-05-13T00:00:00,NORTH,1,0,7
621,2020-05-14T00:00:00,NORTH,1,1,8
622,2020-05-15T00:00:00,NORTH,0,0,7
623,2020-05-16T00:00:00,NORTH,0,0,5
624,2020-05-17T00:00:00,NORTH,0,0,5
625,2020-05-18T00:00:00,NORTH,0,0,5
626,2020-05-19T00:00:00,NORTH,0,0,3
627,2020-05-20T00:00:00,NORTH,0,0,3
628,2020-05-21T00:00:00,NORTH,0,0,3
629,2020-05-22T00:00:00,NORTH,0,0,5
630,2020-05-23T00:00:00,NORTH,0,0,5
631,2020-05-24T00:00:00,NORTH,0,0,5
632,2020-05-25T00:00:00,NORTH,0,0,5
633,2020-05-26T00:00:00,NORTH,0,0,4
634,2020-05-27T00:00:00,NORTH,0,0,6
635,2020-05-28T00:00:00,NORTH,0,0,7
636,2020-05-29T00:00:00,NORTH,0,0,4
637,2020-05-30T00:00:00,NORTH,0,0,4
638,2020-05-31T00:00:00,NORTH,0,0,4
639,2020-06-01T00:00:00,NORTH,0,0,4
640,2020-06-02T00:00:00,NORTH,0,0,3
641,2020-06-03T00:00:00,NORTH,0,0,3
642,2020-06-04T00:00:00,NORTH,0,0,5
643,2020-06-05T00:00:00,NORTH,0,0,6
644,2020-06-06T00:00:00,NORTH,0,0,4
645,2020-06-07T00:00:00,NORTH,0,0,3
646,2020-06-08T00:00:00,NORTH,0,0,3
647,2020-06-09T00:00:00,NORTH,0,0,4
648,2020-06-10T00:00:00,NORTH,0,0,4
649,2020-06-11T00:00:00,NORTH,0,0,3
650,2020-06-12T00:00:00,NORTH,0,0,3
651,2020-06-13T00:00:00,NORTH,0,0,3
652,2020-06-14T00:00:00,NORTH,0,0,4
653,2020-06-15T00:00:00,NORTH,0,0,4
654,2020-06-16T00:00:00,NORTH,0,0,4
655,2020-06-17T00:00:00,NORTH,0,0,6
656,2020-06-18T00:00:00,NORTH,0,0,6
657,2020-06-19T00:00:00,NORTH,0,0,6
658,2020-06-20T00:00:00,NORTH,0,0,8
659,2020-06-21T00:00:00,NORTH,0,0,4
660,2020-06-22T00:00:00,NORTH,0,0,4
661,2020-06-23T00:00:00,NORTH,0,0,4
662,2020-06-24T00:00:00,NORTH,0,0,6
663,2020-06-25T00:00:00,NORTH,0,0,5
664,2020-06-26T00:00:00,NORTH,0,0,4
665,2020-06-27T00:00:00,NORTH,0,0,4
666,2020-06-28T00:00:00,NORTH,0,0,4
667,2020-06-29T00:00:00,NORTH,0,0,4
668,2020-06-30T00:00:00,NORTH,0,0,3
669,2020-07-01T00:00:00,NORTH,0,0,3
670,2020-07-02T00:00:00,NORTH,0,0,0
671,2020-07-03T00:00:00,NORTH,0,0,0
672,2020-07-05T00:00:00,NORTH,0,0,2
673,2020-07-06T00:00:00,NORTH,0,0,2
674,2020-07-07T00:00:00,NORTH,0,0,2
675,2020-07-08T00:00:00,NORTH,0,0,2
676,2020-07-09T00:00:00,NORTH,0,0,2
677,2020-07-10T00:00:00,NORTH,1,0,2
678,2020-07-11T00:00:00,NORTH,0,0,3
679,2020-07-12T00:00:00,NORTH,0,0,2
680,2020-07-13T00:00:00,NORTH,0,0,2
681,2020-07-14T00:00:00,NORTH,0,0,2
682,2020-07-15T00:00:00,NORTH,0,0,4
683,2020-07-16T00:00:00,NORTH,0,0,2
684,2020-07-17T00:00:00,NORTH,0,0,0
685,2020-07-18T00:00:00,NORTH,0,0,1
686,2020-07-19T00:00:00,NORTH,0,0,1
687,2020-07-20T00:00:00,NORTH,0,0,1
688,2020-07-21T00:00:00,NORTH,0,0,0
689,2020-07-22T00:00:00,NORTH,0,0,1
690,2020-07-23T00:00:00,NORTH,0,0,2
691,2020-07-24T00:00:00,NORTH,0,0,1
692,2020-07-25T00:00:00,NORTH,0,0,1
693,2020-07-26T00:00:00,NORTH,0,0,2
694,2020-07-27T00:00:00,NORTH,0,0,2
695,2020-07-28T00:00:00,NORTH,0,0,2
696,2020-07-29T00:00:00,NORTH,0,0,2
697,2020-07-30T00:00:00,NORTH,0,0,1
698,2020-07-31T00:00:00,NORTH,0,0,2
699,2020-08-01T00:00:00,NORTH,0,0,2
700,2020-08-02T00:00:00,NORTH,0,0,2
701,2020-08-03T00:00:00,NORTH,0,0,2
702,2020-08-04T00:00:00,NORTH,0,0,2
703,2020-08-05T00:00:00,NORTH,0,0,2
704,2020-08-06T00:00:00,NORTH,0,0,1
705,2020-08-07T00:00:00,NORTH,0,0,1
706,2020-08-08T00:00:00,NORTH,0,0,1
707,2020-08-09T00:00:00,NORTH,0,0,1
708,2020-08-10T00:00:00,NORTH,0,0,1
709,2020-08-11T00:00:00,NORTH,0,0,1
710,2020-08-12T00:00:00,NORTH,0,0,1
711,2020-08-13T00:00:00,NORTH,0,0,1
712,2020-08-14T00:00:00,NORTH,0,0,1
713,2020-08-15T00:00:00,NORTH,0,0,1
714,2020-08-16T00:00:00,NORTH,0,0,1
715,2020-08-17T00:00:00,NORTH,0,0,1
716,2020-08-18T00:00:00,NORTH,0,0,1
717,2020-08-19T00:00:00,NORTH,0,0,1
718,2020-08-20T00:00:00,NORTH,0,0,1
719,2020-08-21T00:00:00,NORTH,0,0,1
720,2020-08-22T00:00:00,NORTH,0,0,1
721,2020-08-23T00:00:00,NORTH,0,0,1
722,2020-08-24T00:00:00,NORTH,0,0,1
723,2020-08-25T00:00:00,NORTH,0,0,0
724,2020-08-26T00:00:00,NORTH,0,0,0
725,2020-08-27T00:00:00,NORTH,0,0,0
726,2020-08-28T00:00:00,NORTH,0,0,0
727,2020-08-29T00:00:00,NORTH,0,0,0
728,2020-08-30T00:00:00,NORTH,0,0,0
729,2020-08-31T00:00:00,NORTH,0,0,0
730,2020-09-01T00:00:00,NORTH,0,0,0
731,2020-09-02T00:00:00,NORTH,0,0,0
732,2020-09-03T00:00:00,NORTH,0,0,0
733,2020-09-04T00:00:00,NORTH,0,0,0
734,2020-09-05T00:00:00,NORTH,0,0,0
735,2020-09-06T00:00:00,NORTH,0,0,0
736,2020-09-07T00:00:00,NORTH,0,0,0
737,2020-09-08T00:00:00,NORTH,0,0,0
738,2020-09-09T00:00:00,NORTH,0,0,0
739,2020-09-10T00:00:00,NORTH,0,0,0
740,2020-09-11T00:00:00,NORTH,0,0,0
741,2020-09-12T00:00:00,NORTH,0,0,0
742,2020-09-13T00:00:00,NORTH,0,0,0
743,2020-09-14T00:00:00,NORTH,0,0,0
744,2020-09-15T00:00:00,NORTH,0,0,0
745,2020-09-16T00:00:00,NORTH,0,0,0
746,2020-09-17T00:00:00,NORTH,0,0,2
747,2020-09-18T00:00:00,NORTH,0,0,0
748,2020-09-19T00:00:00,NORTH,0,0,0
749,2020-09-20T00:00:00,NORTH,0,0,0
750,2020-09-21T00:00:00,NORTH,0,0,0
751,2020-09-22T00:00:00,NORTH,0,0,0
752,2020-09-23T00:00:00,NORTH,0,0,0
753,2020-09-24T00:00:00,NORTH,0,0,0
754,2020-09-25T00:00:00,NORTH,0,0,0
755,2020-09-26T00:00:00,NORTH,0,0,0
756,2020-09-27T00:00:00,NORTH,0,0,0
757,2020-09-28T00:00:00,NORTH,0,0,0
758,2020-09-29T00:00:00,NORTH,0,0,0
759,2020-09-30T00:00:00,NORTH,0,0,0
760,2020-10-01T00:00:00,NORTH,0,0,2
761,2020-10-02T00:00:00,NORTH,0,0,0
762,2020-10-03T00:00:00,NORTH,0,0,0
763,2020-10-04T00:00:00,NORTH,0,0,0
764,2020-10-05T00:00:00,NORTH,0,0,0
765,2020-10-06T00:00:00,NORTH,0,0,0
766,2020-10-07T00:00:00,NORTH,0,0,1
767,2020-10-08T00:00:00,NORTH,0,0,1
768,2020-10-09T00:00:00,NORTH,0,0,1
769,2020-10-10T00:00:00,NORTH,0,0,1
770,2020-10-11T00:00:00,NORTH,0,0,0
771,2020-10-12T00:00:00,NORTH,0,0,0
772,2020-10-13T00:00:00,NORTH,0,0,0
773,2020-10-14T00:00:00,NORTH,0,0,1
774,2020-10-15T00:00:00,NORTH,0,0,0
775,2020-10-16T00:00:00,NORTH,0,0,0
776,2020-10-17T00:00:00,NORTH,0,0,0
777,2020-10-18T00:00:00,NORTH,0,0,3
778,2020-10-19T00:00:00,NORTH,0,0,0
779,2020-10-20T00:00:00,NORTH,0,0,0
780,2020-10-21T00:00:00,NORTH,0,0,0
781,2020-10-22T00:00:00,NORTH,0,0,0
782,2020-10-23T00:00:00,NORTH,0,0,0
783,2020-10-24T00:00:00,NORTH,0,0,0
784,2020-10-25T00:00:00,NORTH,0,0,0
785,2020-10-26T00:00:00,NORTH,0,0,0
786,2020-10-27T00:00:00,NORTH,0,0,1
787,2020-10-28T00:00:00,NORTH,0,0,3
788,2020-10-29T00:00:00,NORTH,0,0,2
789,2020-10-30T00:00:00,NORTH,0,0,0
790,2020-10-31T00:00:00,NORTH,0,0,0
791,2020-11-01T00:00:00,NORTH,0,0,0
792,2020-11-02T00:00:00,NORTH,0,0,0
793,2020-11-03T00:00:00,NORTH,0,0,0
794,2020-11-04T00:00:00,NORTH,1,0,1
795,2020-11-05T00:00:00,NORTH,0,0,1
796,2020-11-06T00:00:00,NORTH,0,0,1
797,2020-11-07T00:00:00,NORTH,0,0,1
798,2020-11-08T00:00:00,NORTH,0,0,1
799,2020-11-09T00:00:00,NORTH,0,0,1
800,2020-11-10T00:00:00,NORTH,0,0,1
801,2020-11-11T00:00:00,NORTH,0,0,1
802,2020-11-12T00:00:00,NORTH,0,0,1
803,2020-11-13T00:00:00,NORTH,0,0,1
804,2020-11-14T00:00:00,NORTH,0,0,0
805,2020-11-15T00:00:00,NORTH,1,0,1
806,2020-11-16T00:00:00,NORTH,2,0,2
807,2020-11-17T00:00:00,NORTH,1,0,3
808,2020-11-18T00:00:00,NORTH,1,0,3
809,2020-11-19T00:00:00,NORTH,1,0,5
810,2020-11-20T00:00:00,NORTH,1,0,4
811,2020-11-21T00:00:00,NORTH,2,0,5
812,2020-11-22T00:00:00,NORTH,1,0,6
813,2020-11-23T00:00:00,NORTH,3,0,4
814,2020-11-24T00:00:00,NORTH,1,0,5
815,2020-11-25T00:00:00,NORTH,0,0,5
816,2020-11-26T00:00:00,NORTH,0,0,6
817,2020-11-27T00:00:00,NORTH,0,0,5
818,2020-11-28T00:00:00,NORTH,0,0,5
819,2020-11-29T00:00:00,NORTH,0,0,4
820,2020-11-30T00:00:00,NORTH,0,0,4
821,2020-12-01T00:00:00,NORTH,1,0,4
822,2020-12-02T00:00:00,NORTH,1,0,5
823,2020-12-03T00:00:00,NORTH,1,0,6
824,2020-12-04T00:00:00,NORTH,2,0,7
825,2020-12-05T00:00:00,NORTH,2,0,6
826,2020-12-06T00:00:00,NORTH,2,0,5
827,2020-12-07T00:00:00,NORTH,2,0,7
828,2020-12-08T00:00:00,NORTH,2,0,6
829,2020-12-09T00:00:00,NORTH,2,0,6
830,2020-12-10T00:00:00,NORTH,2,0,6
831,2020-12-11T00:00:00,NORTH,0,0,5
832,2020-12-12T00:00:00,NORTH,1,0,4
833,2020-12-13T00:00:00,NORTH,0,0,4
834,2020-12-14T00:00:00,NORTH,0,0,4
835,2020-12-15T00:00:00,NORTH,0,0,2
836,2020-12-16T00:00:00,NORTH,0,0,2
837,2020-12-17T00:00:00,NORTH,0,0,1
838,2020-12-18T00:00:00,NORTH,0,0,1
839,2020-12-19T00:00:00,NORTH,0,0,0
840,2020-12-20T00:00:00,NORTH,0,0,0
841,2020-12-21T00:00:00,NORTH,0,0,0
842,2020-12-22T00:00:00,NORTH,1,0,0
843,2020-12-23T00:00:00,NORTH,1,0,3
844,2020-12-24T00:00:00,NORTH,1,0,2
845,2020-12-25T00:00:00,NORTH,3,0,5
846,2020-12-26T00:00:00,NORTH,3,0,5
847,2020-12-27T00:00:00,NORTH,3,0,6
848,2020-12-28T00:00:00,NORTH,3,1,6
849,2020-12-29T00:00:00,NORTH,4,1,6
850,2020-12-30T00:00:00,NORTH,4,2,11
851,2020-12-31T00:00:00,NORTH,3,2,11
852,2021-01-01T00:00:00,NORTH,4,2,6
853,2021-01-02T00:00:00,NORTH,4,2,5
854,2021-01-03T00:00:00,NORTH,4,2,6
855,2021-01-04T00:00:00,NORTH,3,2,4
856,2021-01-05T00:00:00,NORTH,4,3,8
857,2021-01-06T00:00:00,NORTH,4,3,11
858,2021-01-07T00:00:00,NORTH,4,2,10
859,2021-01-08T00:00:00,NORTH,5,2,11
860,2021-01-09T00:00:00,NORTH,3,2,10
861,2021-01-10T00:00:00,NORTH,5,3,12
862,2021-01-11T00:00:00,NORTH,5,3,15
863,2021-01-12T00:00:00,NORTH,5,2,16
864,2021-01-13T00:00:00,NORTH,4,1,17
865,2021-01-14T00:00:00,NORTH,4,2,19
866,2021-01-15T00:00:00,NORTH,3,2,19
867,2021-01-16T00:00:00,NORTH,2,1,18
868,2020-04-02T00:00:00,TORONTO,27,17,58
869,2020-04-03T00:00:00,TORONTO,37,18,62
870,2020-04-04T00:00:00,TORONTO,34,23,77
871,2020-04-05T00:00:00,TORONTO,35,21,73
872,2020-04-06T00:00:00,TORONTO,39,24,90
873,2020-04-07T00:00:00,TORONTO,40,30,101
874,2020-04-08T00:00:00,TORONTO,44,35,100
875,2020-04-09T00:00:00,TORONTO,49,44,111
876,2020-04-10T00:00:00,TORONTO,48,44,131
877,2020-04-11T00:00:00,TORONTO,48,39,133
878,2020-04-12T00:00:00,TORONTO,49,37,146
879,2020-04-13T00:00:00,TORONTO,49,35,150
880,2020-04-14T00:00:00,TORONTO,46,41,163
881,2020-04-15T00:00:00,TORONTO,51,36,167
882,2020-04-16T00:00:00,TORONTO,53,45,179
883,2020-04-17T00:00:00,TORONTO,57,50,195
884,2020-04-18T00:00:00,TORONTO,56,46,205
885,2020-04-19T00:00:00,TORONTO,58,47,212
886,2020-04-20T00:00:00,TORONTO,59,50,212
887,2020-04-21T00:00:00,TORONTO,62,54,227
888,2020-04-22T00:00:00,TORONTO,62,56,218
889,2020-04-23T00:00:00,TORONTO,64,53,223
890,2020-04-24T00:00:00,TORONTO,72,59,228
891,2020-04-25T00:00:00,TORONTO,73,56,232
892,2020-04-26T00:00:00,TORONTO,76,58,235
893,2020-04-27T00:00:00,TORONTO,69,57,237
894,2020-04-28T00:00:00,TORONTO,68,59,254
895,2020-04-29T00:00:00,TORONTO,68,59,257
896,2020-04-30T00:00:00,TORONTO,69,60,243
897,2020-05-01T00:00:00,TORONTO,67,57,238
898,2020-05-02T00:00:00,TORONTO,66,42,208
899,2020-05-03T00:00:00,TORONTO,64,50,239
900,2020-05-04T00:00:00,TORONTO,61,51,244
901,2020-05-05T00:00:00,TORONTO,60,44,255
902,2020-05-06T00:00:00,TORONTO,61,49,256
903,2020-05-07T00:00:00,TORONTO,60,46,246
904,2020-05-08T00:00:00,TORONTO,58,47,231
905,2020-05-09T00:00:00,TORONTO,56,45,235
906,2020-05-10T00:00:00,TORONTO,57,40,233
907,2020-05-11T00:00:00,TORONTO,54,43,232
908,2020-05-12T00:00:00,TORONTO,52,46,232
909,2020-05-13T00:00:00,TORONTO,55,52,219
910,2020-05-14T00:00:00,TORONTO,53,47,207
911,2020-05-15T00:00:00,TORONTO,52,47,207
912,2020-05-16T00:00:00,TORONTO,55,45,198
913,2020-05-17T00:00:00,TORONTO,56,40,192
914,2020-05-18T00:00:00,TORONTO,57,45,188
915,2020-05-19T00:00:00,TORONTO,52,42,186
916,2020-05-20T00:00:00,TORONTO,50,41,187
917,2020-05-21T00:00:00,TORONTO,48,39,178
918,2020-05-22T00:00:00,TORONTO,47,41,175
919,2020-05-23T00:00:00,TORONTO,44,37,172
920,2020-05-24T00:00:00,TORONTO,44,33,165
921,2020-05-25T00:00:00,TORONTO,47,35,157
922,2020-05-26T00:00:00,TORONTO,45,37,158
923,2020-05-27T00:00:00,TORONTO,48,36,161
924,2020-05-28T00:00:00,TORONTO,37,27,152
925,2020-05-29T00:00:00,TORONTO,35,26,156
926,2020-05-30T00:00:00,TORONTO,33,25,161
927,2020-05-31T00:00:00,TORONTO,31,25,153
928,2020-06-01T00:00:00,TORONTO,33,20,154
929,2020-06-02T00:00:00,TORONTO,33,21,147
930,2020-06-03T00:00:00,TORONTO,30,20,147
931,2020-06-04T00:00:00,TORONTO,33,25,142
932,2020-06-05T00:00:00,TORONTO,32,25,138
933,2020-06-06T00:00:00,TORONTO,31,27,130
934,2020-06-07T00:00:00,TORONTO,34,25,113
935,2020-06-08T00:00:00,TORONTO,36,21,121
936,2020-06-09T00:00:00,TORONTO,36,26,121
937,2020-06-10T00:00:00,TORONTO,36,27,119
938,2020-06-11T00:00:00,TORONTO,39,27,110
939,2020-06-12T00:00:00,TORONTO,37,28,112
940,2020-06-13T00:00:00,TORONTO,36,29,104
941,2020-06-14T00:00:00,TORONTO,30,26,102
942,2020-06-15T00:00:00,TORONTO,31,26,102
943,2020-06-16T00:00:00,TORONTO,29,24,99
944,2020-06-17T00:00:00,TORONTO,29,21,93
945,2020-06-18T00:00:00,TORONTO,28,23,82
946,2020-06-19T00:00:00,TORONTO,84,66,82
947,2020-06-20T00:00:00,TORONTO,28,21,80
948,2020-06-21T00:00:00,TORONTO,30,18,66
949,2020-06-22T00:00:00,TORONTO,28,21,61
950,2020-06-23T00:00:00,TORONTO,27,20,62
951,2020-06-24T00:00:00,TORONTO,28,17,57
952,2020-06-25T00:00:00,TORONTO,27,17,60
953,2020-06-26T00:00:00,TORONTO,19,14,57
954,2020-06-27T00:00:00,TORONTO,17,11,54
955,2020-06-28T00:00:00,TORONTO,15,11,48
956,2020-06-29T00:00:00,TORONTO,12,11,49
957,2020-06-30T00:00:00,TORONTO,11,9,47
958,2020-07-01T00:00:00,TORONTO,9,7,41
959,2020-07-02T00:00:00,TORONTO,8,5,42
960,2020-07-03T00:00:00,TORONTO,8,6,45
961,2020-07-05T00:00:00,TORONTO,9,6,42
962,2020-07-06T00:00:00,TORONTO,8,5,42
963,2020-07-07T00:00:00,TORONTO,8,6,41
964,2020-07-08T00:00:00,TORONTO,9,6,41
965,2020-07-09T00:00:00,TORONTO,9,6,43
966,2020-07-10T00:00:00,TORONTO,8,6,42
967,2020-07-11T00:00:00,TORONTO,8,5,45
968,2020-07-12T00:00:00,TORONTO,7,4,44
969,2020-07-13T00:00:00,TORONTO,8,5,54
970,2020-07-14T00:00:00,TORONTO,9,5,55
971,2020-07-15T00:00:00,TORONTO,7,5,31
972,2020-07-16T00:00:00,TORONTO,4,3,29
973,2020-07-17T00:00:00,TORONTO,6,3,46
974,2020-07-18T00:00:00,TORONTO,6,3,45
975,2020-07-19T00:00:00,TORONTO,7,4,46
976,2020-07-20T00:00:00,TORONTO,8,4,48
977,2020-07-21T00:00:00,TORONTO,6,4,46
978,2020-07-22T00:00:00,TORONTO,4,2,46
979,2020-07-23T00:00:00,TORONTO,3,3,71
980,2020-07-24T00:00:00,TORONTO,3,3,66
981,2020-07-25T00:00:00,TORONTO,3,3,23
982,2020-07-26T00:00:00,TORONTO,3,3,23
983,2020-07-27T00:00:00,TORONTO,3,3,22
984,2020-07-28T00:00:00,TORONTO,3,2,23
985,2020-07-29T00:00:00,TORONTO,4,2,23
986,2020-07-30T00:00:00,TORONTO,4,3,17
987,2020-07-31T00:00:00,TORONTO,5,3,12
988,2020-08-01T00:00:00,TORONTO,5,3,11
989,2020-08-02T00:00:00,TORONTO,6,3,9
990,2020-08-03T00:00:00,TORONTO,5,3,10
991,2020-08-04T00:00:00,TORONTO,7,4,10
992,2020-08-05T00:00:00,TORONTO,7,4,9
993,2020-08-06T00:00:00,TORONTO,8,3,13
994,2020-08-07T00:00:00,TORONTO,8,2,11
995,2020-08-08T00:00:00,TORONTO,7,2,6
996,2020-08-09T00:00:00,TORONTO,7,3,6
997,2020-08-10T00:00:00,TORONTO,6,4,5
998,2020-08-11T00:00:00,TORONTO,5,3,10
999,2020-08-12T00:00:00,TORONTO,4,2,3
1000,2020-08-13T00:00:00,TORONTO,3,2,2
1001,2020-08-14T00:00:00,TORONTO,2,2,2
1002,2020-08-15T00:00:00,TORONTO,2,2,2
1003,2020-08-16T00:00:00,TORONTO,2,1,3
1004,2020-08-17T00:00:00,TORONTO,2,2,3
1005,2020-08-18T00:00:00,TORONTO,2,1,3
1006,2020-08-19T00:00:00,TORONTO,2,2,2
1007,2020-08-20T00:00:00,TORONTO,1,1,3
1008,2020-08-21T00:00:00,TORONTO,1,1,3
1009,2020-08-22T00:00:00,TORONTO,0,0,4
1010,2020-08-23T00:00:00,TORONTO,0,0,4
1011,2020-08-24T00:00:00,TORONTO,1,0,3
1012,2020-08-25T00:00:00,TORONTO,0,0,5
1013,2020-08-26T00:00:00,TORONTO,0,0,4
1014,2020-08-27T00:00:00,TORONTO,0,0,4
1015,2020-08-28T00:00:00,TORONTO,0,0,5
1016,2020-08-29T00:00:00,TORONTO,0,0,5
1017,2020-08-30T00:00:00,TORONTO,0,0,4
1018,2020-08-31T00:00:00,TORONTO,0,0,4
1019,2020-09-01T00:00:00,TORONTO,0,0,5
1020,2020-09-02T00:00:00,TORONTO,0,0,4
1021,2020-09-03T00:00:00,TORONTO,0,0,6
1022,2020-09-04T00:00:00,TORONTO,0,0,5
1023,2020-09-05T00:00:00,TORONTO,0,0,5
1024,2020-09-06T00:00:00,TORONTO,0,0,4
1025,2020-09-07T00:00:00,TORONTO,0,0,4
1026,2020-09-08T00:00:00,TORONTO,2,1,3
1027,2020-09-09T00:00:00,TORONTO,3,1,5
1028,2020-09-10T00:00:00,TORONTO,1,1,4
1029,2020-09-11T00:00:00,TORONTO,5,2,6
1030,2020-09-12T00:00:00,TORONTO,3,2,9
1031,2020-09-13T00:00:00,TORONTO,4,2,8
1032,2020-09-14T00:00:00,TORONTO,5,1,10
1033,2020-09-15T00:00:00,TORONTO,5,3,9
1034,2020-09-16T00:00:00,TORONTO,4,3,9
1035,2020-09-17T00:00:00,TORONTO,4,4,13
1036,2020-09-18T00:00:00,TORONTO,4,4,16
1037,2020-09-19T00:00:00,TORONTO,4,3,13
1038,2020-09-20T00:00:00,TORONTO,4,3,13
1039,2020-09-21T00:00:00,TORONTO,4,3,14
1040,2020-09-22T00:00:00,TORONTO,4,3,18
1041,2020-09-23T00:00:00,TORONTO,4,3,17
1042,2020-09-24T00:00:00,TORONTO,5,3,17
1043,2020-09-25T00:00:00,TORONTO,4,3,19
1044,2020-09-26T00:00:00,TORONTO,4,3,21
1045,2020-09-27T00:00:00,TORONTO,3,1,23
1046,2020-09-28T00:00:00,TORONTO,4,2,28
1047,2020-09-29T00:00:00,TORONTO,4,1,32
1048,2020-09-30T00:00:00,TORONTO,5,1,36
1049,2020-10-01T00:00:00,TORONTO,5,1,40
1050,2020-10-02T00:00:00,TORONTO,6,2,41
1051,2020-10-03T00:00:00,TORONTO,8,3,37
1052,2020-10-04T00:00:00,TORONTO,10,4,44
1053,2020-10-05T00:00:00,TORONTO,9,4,49
1054,2020-10-06T00:00:00,TORONTO,9,3,52
1055,2020-10-07T00:00:00,TORONTO,10,4,52
1056,2020-10-08T00:00:00,TORONTO,9,3,55
1057,2020-10-09T00:00:00,TORONTO,8,3,56
1058,2020-10-10T00:00:00,TORONTO,4,3,52
1059,2020-10-11T00:00:00,TORONTO,3,3,47
1060,2020-10-12T00:00:00,TORONTO,3,3,45
1061,2020-10-13T00:00:00,TORONTO,4,3,48
1062,2020-10-14T00:00:00,TORONTO,6,4,53
1063,2020-10-15T00:00:00,TORONTO,6,4,53
1064,2020-10-16T00:00:00,TORONTO,6,5,53
1065,2020-10-17T00:00:00,TORONTO,7,4,48
1066,2020-10-18T00:00:00,TORONTO,9,7,47
1067,2020-10-19T00:00:00,TORONTO,7,5,49
1068,2020-10-20T00:00:00,TORONTO,8,6,54
1069,2020-10-21T00:00:00,TORONTO,10,7,44
1070,2020-10-22T00:00:00,TORONTO,11,5,47
1071,2020-10-23T00:00:00,TORONTO,15,7,55
1072,2020-10-24T00:00:00,TORONTO,15,6,61
1073,2020-10-25T00:00:00,TORONTO,14,6,59
1074,2020-10-26T00:00:00,TORONTO,12,6,58
1075,2020-10-27T00:00:00,TORONTO,11,7,60
1076,2020-10-28T00:00:00,TORONTO,8,5,68
1077,2020-10-29T00:00:00,TORONTO,10,5,67
1078,2020-10-30T00:00:00,TORONTO,9,5,65
1079,2020-10-31T00:00:00,TORONTO,8,3,68
1080,2020-11-01T00:00:00,TORONTO,7,3,70
1081,2020-11-02T00:00:00,TORONTO,10,4,73
1082,2020-11-03T00:00:00,TORONTO,10,6,79
1083,2020-11-04T00:00:00,TORONTO,11,5,66
1084,2020-11-05T00:00:00,TORONTO,12,6,74
1085,2020-11-06T00:00:00,TORONTO,8,2,72
1086,2020-11-07T00:00:00,TORONTO,10,6,74
1087,2020-11-08T00:00:00,TORONTO,11,6,68
1088,2020-11-09T00:00:00,TORONTO,10,5,66
1089,2020-11-10T00:00:00,TORONTO,11,8,77
1090,2020-11-11T00:00:00,TORONTO,11,9,72
1091,2020-11-12T00:00:00,TORONTO,14,10,72
1092,2020-11-13T00:00:00,TORONTO,17,13,66
1093,2020-11-14T00:00:00,TORONTO,20,16,73
1094,2020-11-15T00:00:00,TORONTO,20,13,77
1095,2020-11-16T00:00:00,TORONTO,23,12,80
1096,2020-11-17T00:00:00,TORONTO,24,14,86
1097,2020-11-18T00:00:00,TORONTO,23,14,83
1098,2020-11-19T00:00:00,TORONTO,25,18,79
1099,2020-11-20T00:00:00,TORONTO,24,19,67
1100,2020-11-21T00:00:00,TORONTO,25,19,75
1101,2020-11-22T00:00:00,TORONTO,25,20,65
1102,2020-11-23T00:00:00,TORONTO,26,21,60
1103,2020-11-24T00:00:00,TORONTO,24,17,77
1104,2020-11-25T00:00:00,TORONTO,22,17,72
1105,2020-11-26T00:00:00,TORONTO,23,17,75
1106,2020-11-27T00:00:00,TORONTO,23,19,84
1107,2020-11-28T00:00:00,TORONTO,26,19,90
1108,2020-11-29T00:00:00,TORONTO,25,18,82
1109,2020-11-30T00:00:00,TORONTO,27,19,94
1110,2020-12-01T00:00:00,TORONTO,30,20,101
1111,2020-12-02T00:00:00,TORONTO,32,23,97
1112,2020-12-03T00:00:00,TORONTO,34,22,96
1113,2020-12-04T00:00:00,TORONTO,37,25,100
1114,2020-12-05T00:00:00,TORONTO,31,26,101
1115,2020-12-06T00:00:00,TORONTO,34,24,82
1116,2020-12-07T00:00:00,TORONTO,32,26,98
1117,2020-12-08T00:00:00,TORONTO,42,28,112
1118,2020-12-09T00:00:00,TORONTO,44,25,119
1119,2020-12-10T00:00:00,TORONTO,40,26,131
1120,2020-12-11T00:00:00,TORONTO,38,16,124
1121,2020-12-12T00:00:00,TORONTO,37,24,138
1122,2020-12-13T00:00:00,TORONTO,42,27,137
1123,2020-12-14T00:00:00,TORONTO,45,31,139
1124,2020-12-15T00:00:00,TORONTO,45,34,152
1125,2020-12-16T00:00:00,TORONTO,48,21,149
1126,2020-12-17T00:00:00,TORONTO,49,34,136
1127,2020-12-18T00:00:00,TORONTO,54,34,136
1128,2020-12-19T00:00:00,TORONTO,48,31,137
1129,2020-12-20T00:00:00,TORONTO,50,33,132
1130,2020-12-21T00:00:00,TORONTO,55,28,144
1131,2020-12-22T00:00:00,TORONTO,59,38,158
1132,2020-12-23T00:00:00,TORONTO,58,41,164
1133,2020-12-24T00:00:00,TORONTO,59,37,159
1134,2020-12-25T00:00:00,TORONTO,56,36,165
1135,2020-12-26T00:00:00,TORONTO,55,38,162
1136,2020-12-27T00:00:00,TORONTO,55,38,153
1137,2020-12-28T00:00:00,TORONTO,55,39,174
1138,2020-12-29T00:00:00,TORONTO,59,39,192
1139,2020-12-30T00:00:00,TORONTO,64,40,215
1140,2020-12-31T00:00:00,TORONTO,70,43,212
1141,2021-01-01T00:00:00,TORONTO,66,47,198
1142,2021-01-02T00:00:00,TORONTO,65,44,203
1143,2021-01-03T00:00:00,TORONTO,68,47,213
1144,2021-01-04T00:00:00,TORONTO,67,39,234
1145,2021-01-05T00:00:00,TORONTO,72,51,242
1146,2021-01-06T00:00:00,TORONTO,71,47,252
1147,2021-01-07T00:00:00,TORONTO,73,48,268
1148,2021-01-08T00:00:00,TORONTO,72,50,270
1149,2021-01-09T00:00:00,TORONTO,77,52,275
1150,2021-01-10T00:00:00,TORONTO,82,59,278
1151,2021-01-11T00:00:00,TORONTO,77,59,287
1152,2021-01-12T00:00:00,TORONTO,75,55,308
1153,2021-01-13T00:00:00,TORONTO,76,62,294
1154,2021-01-14T00:00:00,TORONTO,74,62,292
1155,2021-01-15T00:00:00,TORONTO,80,59,294
1156,2021-01-16T00:00:00,TORONTO,84,67,297
1157,2020-04-02T00:00:00,WEST,51,25,133
1158,2020-04-03T00:00:00,WEST,50,30,134
1159,2020-04-04T00:00:00,WEST,43,32,131
1160,2020-04-05T00:00:00,WEST,47,32,143
1161,2020-04-06T00:00:00,WEST,48,32,161
1162,2020-04-07T00:00:00,WEST,54,42,167
1163,2020-04-08T00:00:00,WEST,54,44,162
1164,2020-04-09T00:00:00,WEST,55,44,167
1165,2020-04-10T00:00:00,WEST,56,43,167
1166,2020-04-11T00:00:00,WEST,53,43,174
1167,2020-04-12T00:00:00,WEST,55,43,180
1168,2020-04-13T00:00:00,WEST,62,43,174
1169,2020-04-14T00:00:00,WEST,59,42,171
1170,2020-04-15T00:00:00,WEST,57,38,168
1171,2020-04-16T00:00:00,WEST,59,48,170
1172,2020-04-17T00:00:00,WEST,54,42,174
1173,2020-04-18T00:00:00,WEST,52,41,159
1174,2020-04-19T00:00:00,WEST,52,41,154
1175,2020-04-20T00:00:00,WEST,50,36,153
1176,2020-04-21T00:00:00,WEST,52,37,161
1177,2020-04-22T00:00:00,WEST,49,38,168
1178,2020-04-23T00:00:00,WEST,45,38,171
1179,2020-04-24T00:00:00,WEST,47,39,183
1180,2020-04-25T00:00:00,WEST,45,38,181
1181,2020-04-26T00:00:00,WEST,46,38,177
1182,2020-04-27T00:00:00,WEST,43,34,180
1183,2020-04-28T00:00:00,WEST,44,34,185
1184,2020-04-29T00:00:00,WEST,43,33,189
1185,2020-04-30T00:00:00,WEST,39,31,194
1186,2020-05-01T00:00:00,WEST,36,27,213
1187,2020-05-02T00:00:00,WEST,34,29,208
1188,2020-05-03T00:00:00,WEST,36,28,211
1189,2020-05-04T00:00:00,WEST,31,24,204
1190,2020-05-05T00:00:00,WEST,31,23,198
1191,2020-05-06T00:00:00,WEST,31,26,198
1192,2020-05-07T00:00:00,WEST,33,20,203
1193,2020-05-08T00:00:00,WEST,30,23,207
1194,2020-05-09T00:00:00,WEST,28,22,197
1195,2020-05-10T00:00:00,WEST,26,21,192
1196,2020-05-11T00:00:00,WEST,30,20,196
1197,2020-05-12T00:00:00,WEST,30,19,203
1198,2020-05-13T00:00:00,WEST,27,15,207
1199,2020-05-14T00:00:00,WEST,24,15,199
1200,2020-05-15T00:00:00,WEST,24,13,194
1201,2020-05-16T00:00:00,WEST,23,10,187
1202,2020-05-17T00:00:00,WEST,22,11,212
1203,2020-05-18T00:00:00,WEST,22,12,229
1204,2020-05-19T00:00:00,WEST,22,11,226
1205,2020-05-20T00:00:00,WEST,18,9,225
1206,2020-05-21T00:00:00,WEST,17,6,213
1207,2020-05-22T00:00:00,WEST,16,6,203
1208,2020-05-23T00:00:00,WEST,16,8,192
1209,2020-05-24T00:00:00,WEST,17,8,189
1210,2020-05-25T00:00:00,WEST,16,8,183
1211,2020-05-26T00:00:00,WEST,14,8,184
1212,2020-05-27T00:00:00,WEST,13,7,169
1213,2020-05-28T00:00:00,WEST,10,5,168
1214,2020-05-29T00:00:00,WEST,8,4,161
1215,2020-05-30T00:00:00,WEST,7,3,130
1216,2020-05-31T00:00:00,WEST,7,1,146
1217,2020-06-01T00:00:00,WEST,8,2,147
1218,2020-06-02T00:00:00,WEST,8,2,152
1219,2020-06-03T00:00:00,WEST,12,5,139
1220,2020-06-04T00:00:00,WEST,9,5,135
1221,2020-06-05T00:00:00,WEST,8,6,129
1222,2020-06-06T00:00:00,WEST,7,5,107
1223,2020-06-07T00:00:00,WEST,7,5,97
1224,2020-06-08T00:00:00,WEST,8,6,96
1225,2020-06-09T00:00:00,WEST,8,6,96
1226,2020-06-10T00:00:00,WEST,9,7,81
1227,2020-06-11T00:00:00,WEST,10,7,86
1228,2020-06-12T00:00:00,WEST,12,8,82
1229,2020-06-13T00:00:00,WEST,11,6,83
1230,2020-06-14T00:00:00,WEST,10,6,68
1231,2020-06-15T00:00:00,WEST,10,6,65
1232,2020-06-16T00:00:00,WEST,10,7,61
1233,2020-06-17T00:00:00,WEST,10,8,55
1234,2020-06-18T00:00:00,WEST,8,7,45
1235,2020-06-19T00:00:00,WEST,30,24,42
1236,2020-06-20T00:00:00,WEST,10,9,44
1237,2020-06-21T00:00:00,WEST,11,7,38
1238,2020-06-22T00:00:00,WEST,10,8,38
1239,2020-06-23T00:00:00,WEST,8,7,38
1240,2020-06-24T00:00:00,WEST,7,5,41
1241,2020-06-25T00:00:00,WEST,8,6,42
1242,2020-06-26T00:00:00,WEST,8,5,41
1243,2020-06-27T00:00:00,WEST,7,4,41
1244,2020-06-28T00:00:00,WEST,8,6,37
1245,2020-06-29T00:00:00,WEST,7,5,44
1246,2020-06-30T00:00:00,WEST,7,6,43
1247,2020-07-01T00:00:00,WEST,6,5,36
1248,2020-07-02T00:00:00,WEST,5,4,26
1249,2020-07-03T00:00:00,WEST,5,4,28
1250,2020-07-05T00:00:00,WEST,5,3,28
1251,2020-07-06T00:00:00,WEST,4,2,23
1252,2020-07-07T00:00:00,WEST,3,3,20
1253,2020-07-08T00:00:00,WEST,4,4,17
1254,2020-07-09T00:00:00,WEST,4,4,18
1255,2020-07-10T00:00:00,WEST,5,5,17
1256,2020-07-11T00:00:00,WEST,5,3,16
1257,2020-07-12T00:00:00,WEST,4,3,17
1258,2020-07-13T00:00:00,WEST,4,3,18
1259,2020-07-14T00:00:00,WEST,4,3,22
1260,2020-07-15T00:00:00,WEST,5,3,23
1261,2020-07-16T00:00:00,WEST,4,4,16
1262,2020-07-17T00:00:00,WEST,5,5,14
1263,2020-07-18T00:00:00,WEST,6,4,12
1264,2020-07-19T00:00:00,WEST,8,5,11
1265,2020-07-20T00:00:00,WEST,10,5,18
1266,2020-07-21T00:00:00,WEST,8,4,21
1267,2020-07-22T00:00:00,WEST,9,3,24
1268,2020-07-23T00:00:00,WEST,8,4,26
1269,2020-07-24T00:00:00,WEST,7,4,25
1270,2020-07-25T00:00:00,WEST,7,5,22
1271,2020-07-26T00:00:00,WEST,6,5,22
1272,2020-07-27T00:00:00,WEST,5,3,23
1273,2020-07-28T00:00:00,WEST,5,3,24
1274,2020-07-29T00:00:00,WEST,5,3,21
1275,2020-07-30T00:00:00,WEST,4,3,22
1276,2020-07-31T00:00:00,WEST,5,2,21
1277,2020-08-01T00:00:00,WEST,5,1,22
1278,2020-08-02T00:00:00,WEST,5,2,21
1279,2020-08-03T00:00:00,WEST,6,1,21
1280,2020-08-04T00:00:00,WEST,7,2,23
1281,2020-08-05T00:00:00,WEST,9,3,17
1282,2020-08-06T00:00:00,WEST,7,3,16
1283,2020-08-07T00:00:00,WEST,8,4,18
1284,2020-08-08T00:00:00,WEST,9,3,19
1285,2020-08-09T00:00:00,WEST,8,3,16
1286,2020-08-10T00:00:00,WEST,7,3,16
1287,2020-08-11T00:00:00,WEST,6,3,17
1288,2020-08-12T00:00:00,WEST,6,2,15
1289,2020-08-13T00:00:00,WEST,6,2,14
1290,2020-08-14T00:00:00,WEST,6,2,12
1291,2020-08-15T00:00:00,WEST,5,3,11
1292,2020-08-16T00:00:00,WEST,6,3,13
1293,2020-08-17T00:00:00,WEST,6,3,14
1294,2020-08-18T00:00:00,WEST,5,3,15
1295,2020-08-19T00:00:00,WEST,6,3,17
1296,2020-08-20T00:00:00,WEST,6,3,14
1297,2020-08-21T00:00:00,WEST,5,2,14
1298,2020-08-22T00:00:00,WEST,6,3,13
1299,2020-08-23T00:00:00,WEST,4,1,13
1300,2020-08-24T00:00:00,WEST,3,2,13
1301,2020-08-25T00:00:00,WEST,4,3,12
1302,2020-08-26T00:00:00,WEST,4,3,11
1303,2020-08-27T00:00:00,WEST,4,2,10
1304,2020-08-28T00:00:00,WEST,4,3,12
1305,2020-08-29T00:00:00,WEST,4,0,13
1306,2020-08-30T00:00:00,WEST,5,3,14
1307,2020-08-31T00:00:00,WEST,5,3,15
1308,2020-09-01T00:00:00,WEST,5,0,25
1309,2020-09-02T00:00:00,WEST,3,2,23
1310,2020-09-03T00:00:00,WEST,2,2,23
1311,2020-09-04T00:00:00,WEST,2,2,21
1312,2020-09-05T00:00:00,WEST,2,2,14
1313,2020-09-06T00:00:00,WEST,2,2,11
1314,2020-09-07T00:00:00,WEST,2,1,12
1315,2020-09-08T00:00:00,WEST,1,1,11
1316,2020-09-09T00:00:00,WEST,1,1,10
1317,2020-09-10T00:00:00,WEST,1,1,8
1318,2020-09-11T00:00:00,WEST,1,0,8
1319,2020-09-12T00:00:00,WEST,0,0,2
1320,2020-09-13T00:00:00,WEST,1,0,2
1321,2020-09-14T00:00:00,WEST,2,0,4
1322,2020-09-15T00:00:00,WEST,2,2,4
1323,2020-09-16T00:00:00,WEST,3,1,6
1324,2020-09-17T00:00:00,WEST,4,0,6
1325,2020-09-18T00:00:00,WEST,4,0,7
1326,2020-09-19T00:00:00,WEST,4,1,8
1327,2020-09-20T00:00:00,WEST,4,1,8
1328,2020-09-21T00:00:00,WEST,3,1,8
1329,2020-09-22T00:00:00,WEST,3,0,10
1330,2020-09-23T00:00:00,WEST,2,0,11
1331,2020-09-24T00:00:00,WEST,3,2,11
1332,2020-09-25T00:00:00,WEST,3,2,9
1333,2020-09-26T00:00:00,WEST,3,2,10
1334,2020-09-27T00:00:00,WEST,3,3,9
1335,2020-09-28T00:00:00,WEST,3,2,11
1336,2020-09-29T00:00:00,WEST,3,2,11
1337,2020-09-30T00:00:00,WEST,3,2,12
1338,2020-10-01T00:00:00,WEST,4,1,12
1339,2020-10-02T00:00:00,WEST,5,3,11
1340,2020-10-03T00:00:00,WEST,4,2,11
1341,2020-10-04T00:00:00,WEST,3,1,14
1342,2020-10-05T00:00:00,WEST,3,2,14
1343,2020-10-06T00:00:00,WEST,3,2,16
1344,2020-10-07T00:00:00,WEST,5,3,15
1345,2020-10-08T00:00:00,WEST,5,2,18
1346,2020-10-09T00:00:00,WEST,4,2,18
1347,2020-10-10T00:00:00,WEST,6,3,14
1348,2020-10-11T00:00:00,WEST,6,3,17
1349,2020-10-12T00:00:00,WEST,6,3,16
1350,2020-10-13T00:00:00,WEST,8,4,19
1351,2020-10-14T00:00:00,WEST,8,4,18
1352,2020-10-15T00:00:00,WEST,6,3,19
1353,2020-10-16T00:00:00,WEST,5,3,21
1354,2020-10-17T00:00:00,WEST,8,6,37
1355,2020-10-18T00:00:00,WEST,9,5,23
1356,2020-10-19T00:00:00,WEST,9,5,24
1357,2020-10-20T00:00:00,WEST,10,6,27
1358,2020-10-21T00:00:00,WEST,8,6,29
1359,2020-10-22T00:00:00,WEST,9,6,27
1360,2020-10-23T00:00:00,WEST,9,8,27
1361,2020-10-24T00:00:00,WEST,10,7,24
1362,2020-10-25T00:00:00,WEST,9,6,23
1363,2020-10-26T00:00:00,WEST,10,6,30
1364,2020-10-27T00:00:00,WEST,8,6,28
1365,2020-10-28T00:00:00,WEST,8,6,24
1366,2020-10-29T00:00:00,WEST,9,7,30
1367,2020-10-30T00:00:00,WEST,7,5,24
1368,2020-10-31T00:00:00,WEST,6,4,26
1369,2020-11-01T00:00:00,WEST,7,6,28
1370,2020-11-02T00:00:00,WEST,7,6,30
1371,2020-11-03T00:00:00,WEST,9,6,30
1372,2020-11-04T00:00:00,WEST,9,6,30
1373,2020-11-05T00:00:00,WEST,10,7,31
1374,2020-11-06T00:00:00,WEST,10,8,36
1375,2020-11-07T00:00:00,WEST,8,5,34
1376,2020-11-08T00:00:00,WEST,7,3,37
1377,2020-11-09T00:00:00,WEST,8,5,35
1378,2020-11-10T00:00:00,WEST,9,6,37
1379,2020-11-11T00:00:00,WEST,9,6,37
1380,2020-11-12T00:00:00,WEST,10,6,43
1381,2020-11-13T00:00:00,WEST,12,7,40
1382,2020-11-14T00:00:00,WEST,14,7,63
1383,2020-11-15T00:00:00,WEST,17,7,61
1384,2020-11-16T00:00:00,WEST,18,9,70
1385,2020-11-17T00:00:00,WEST,19,11,74
1386,2020-11-18T00:00:00,WEST,20,11,75
1387,2020-11-19T00:00:00,WEST,25,15,74
1388,2020-11-20T00:00:00,WEST,24,14,81
1389,2020-11-21T00:00:00,WEST,31,14,80
1390,2020-11-22T00:00:00,WEST,31,17,84
1391,2020-11-23T00:00:00,WEST,32,10,90
1392,2020-11-24T00:00:00,WEST,32,17,94
1393,2020-11-25T00:00:00,WEST,32,21,103
1394,2020-11-26T00:00:00,WEST,29,22,110
1395,2020-11-27T00:00:00,WEST,28,19,114
1396,2020-11-28T00:00:00,WEST,29,16,124
1397,2020-11-29T00:00:00,WEST,28,10,133
1398,2020-11-30T00:00:00,WEST,31,17,140
1399,2020-12-01T00:00:00,WEST,34,15,139
1400,2020-12-02T00:00:00,WEST,34,17,150
1401,2020-12-03T00:00:00,WEST,39,15,167
1402,2020-12-04T00:00:00,WEST,46,19,175
1403,2020-12-05T00:00:00,WEST,51,23,209
1404,2020-12-06T00:00:00,WEST,49,25,211
1405,2020-12-07T00:00:00,WEST,56,23,207
1406,2020-12-08T00:00:00,WEST,56,29,232
1407,2020-12-09T00:00:00,WEST,53,32,231
1408,2020-12-10T00:00:00,WEST,57,28,224
1409,2020-12-11T00:00:00,WEST,60,28,214
1410,2020-12-12T00:00:00,WEST,60,30,236
1411,2020-12-13T00:00:00,WEST,62,26,236
1412,2020-12-14T00:00:00,WEST,58,27,245
1413,2020-12-15T00:00:00,WEST,55,28,258
1414,2020-12-16T00:00:00,WEST,57,37,253
1415,2020-12-17T00:00:00,WEST,63,38,267
1416,2020-12-18T00:00:00,WEST,63,38,263
1417,2020-12-19T00:00:00,WEST,62,21,270
1418,2020-12-20T00:00:00,WEST,60,28,263
1419,2020-12-21T00:00:00,WEST,58,27,277
1420,2020-12-22T00:00:00,WEST,61,34,280
1421,2020-12-23T00:00:00,WEST,66,40,265
1422,2020-12-24T00:00:00,WEST,67,38,257
1423,2020-12-25T00:00:00,WEST,68,37,282
1424,2020-12-26T00:00:00,WEST,70,42,288
1425,2020-12-27T00:00:00,WEST,67,36,301
1426,2020-12-28T00:00:00,WEST,72,43,330
1427,2020-12-29T00:00:00,WEST,71,42,345
1428,2020-12-30T00:00:00,WEST,75,42,353
1429,2020-12-31T00:00:00,WEST,83,43,392
1430,2021-01-01T00:00:00,WEST,88,45,388
1431,2021-01-02T00:00:00,WEST,83,48,420
1432,2021-01-03T00:00:00,WEST,82,50,424
1433,2021-01-04T00:00:00,WEST,84,39,438
1434,2021-01-05T00:00:00,WEST,90,59,441
1435,2021-01-06T00:00:00,WEST,95,59,433
1436,2021-01-07T00:00:00,WEST,94,56,428
1437,2021-01-08T00:00:00,WEST,94,57,425
1438,2021-01-09T00:00:00,WEST,97,53,418
1439,2021-01-10T00:00:00,WEST,101,59,418
1440,2021-01-11T00:00:00,WEST,103,58,440
1441,2021-01-12T00:00:00,WEST,102,60,462
1442,2021-01-13T00:00:00,WEST,106,65,452
1443,2021-01-14T00:00:00,WEST,109,71,459
1444,2021-01-15T00:00:00,WEST,108,73,465
1445,2021-01-16T00:00:00,WEST,109,69,445
1446,,,,,
